<?xml version="1.0" encoding="UTF-8"?>
<GenRun Id="impl_1" LaunchPart="xc7a35tcpg236-1" LaunchTime="1620415032">
  <File Type="BITSTR-BMM" Name="VLC_bd.bmm"/>
  <File Type="OPT-METHODOLOGY-DRC" Name="VLC_methodology_drc_opted.rpt"/>
  <File Type="INIT-TIMING" Name="VLC_timing_summary_init.rpt"/>
  <File Type="ROUTE-PWR" Name="VLC_power_routed.rpt"/>
  <File Type="PA-TCL" Name="VLC.tcl"/>
  <File Type="OPT-TIMING" Name="VLC_timing_summary_opted.rpt"/>
  <File Type="OPT-DCP" Name="VLC_opt.dcp"/>
  <File Type="ROUTE-PWR-SUM" Name="VLC_power_summary_routed.pb"/>
  <File Type="REPORTS-TCL" Name="VLC_reports.tcl"/>
  <File Type="OPT-DRC" Name="VLC_drc_opted.rpt"/>
  <File Type="OPT-HWDEF" Name="VLC.hwdef"/>
  <File Type="PWROPT-DCP" Name="VLC_pwropt.dcp"/>
  <File Type="PWROPT-DRC" Name="VLC_drc_pwropted.rpt"/>
  <File Type="PWROPT-TIMING" Name="VLC_timing_summary_pwropted.rpt"/>
  <File Type="PLACE-DCP" Name="VLC_placed.dcp"/>
  <File Type="PLACE-IO" Name="VLC_io_placed.rpt"/>
  <File Type="PLACE-CLK" Name="VLC_clock_utilization_placed.rpt"/>
  <File Type="PLACE-UTIL" Name="VLC_utilization_placed.rpt"/>
  <File Type="PLACE-UTIL-PB" Name="VLC_utilization_placed.pb"/>
  <File Type="PLACE-CTRL" Name="VLC_control_sets_placed.rpt"/>
  <File Type="PLACE-SIMILARITY" Name="VLC_incremental_reuse_placed.rpt"/>
  <File Type="PLACE-PRE-SIMILARITY" Name="VLC_incremental_reuse_pre_placed.rpt"/>
  <File Type="PLACE-TIMING" Name="VLC_timing_summary_placed.rpt"/>
  <File Type="POSTPLACE-PWROPT-DCP" Name="VLC_postplace_pwropt.dcp"/>
  <File Type="BG-BIN" Name="VLC.bin"/>
  <File Type="POSTPLACE-PWROPT-TIMING" Name="VLC_timing_summary_postplace_pwropted.rpt"/>
  <File Type="PHYSOPT-DCP" Name="VLC_physopt.dcp"/>
  <File Type="PHYSOPT-DRC" Name="VLC_drc_physopted.rpt"/>
  <File Type="BITSTR-MSK" Name="VLC.msk"/>
  <File Type="PHYSOPT-TIMING" Name="VLC_timing_summary_physopted.rpt"/>
  <File Type="ROUTE-ERROR-DCP" Name="VLC_routed_error.dcp"/>
  <File Type="ROUTE-DCP" Name="VLC_routed.dcp"/>
  <File Type="ROUTE-BLACKBOX-DCP" Name="VLC_routed_bb.dcp"/>
  <File Type="ROUTE-DRC" Name="VLC_drc_routed.rpt"/>
  <File Type="ROUTE-DRC-PB" Name="VLC_drc_routed.pb"/>
  <File Type="ROUTE-DRC-RPX" Name="VLC_drc_routed.rpx"/>
  <File Type="BITSTR-MMI" Name="VLC.mmi"/>
  <File Type="ROUTE-METHODOLOGY-DRC" Name="VLC_methodology_drc_routed.rpt"/>
  <File Type="ROUTE-METHODOLOGY-DRC-RPX" Name="VLC_methodology_drc_routed.rpx"/>
  <File Type="ROUTE-METHODOLOGY-DRC-PB" Name="VLC_methodology_drc_routed.pb"/>
  <File Type="ROUTE-PWR-RPX" Name="VLC_power_routed.rpx"/>
  <File Type="ROUTE-STATUS" Name="VLC_route_status.rpt"/>
  <File Type="ROUTE-STATUS-PB" Name="VLC_route_status.pb"/>
  <File Type="ROUTE-TIMINGSUMMARY" Name="VLC_timing_summary_routed.rpt"/>
  <File Type="ROUTE-TIMING-PB" Name="VLC_timing_summary_routed.pb"/>
  <File Type="ROUTE-TIMING-RPX" Name="VLC_timing_summary_routed.rpx"/>
  <File Type="ROUTE-SIMILARITY" Name="VLC_incremental_reuse_routed.rpt"/>
  <File Type="ROUTE-CLK" Name="VLC_clock_utilization_routed.rpt"/>
  <File Type="ROUTE-BUS-SKEW" Name="VLC_bus_skew_routed.rpt"/>
  <File Type="ROUTE-BUS-SKEW-PB" Name="VLC_bus_skew_routed.pb"/>
  <File Type="ROUTE-BUS-SKEW-RPX" Name="VLC_bus_skew_routed.rpx"/>
  <File Type="POSTROUTE-PHYSOPT-DCP" Name="VLC_postroute_physopt.dcp"/>
  <File Type="POSTROUTE-PHYSOPT-BLACKBOX-DCP" Name="VLC_postroute_physopt_bb.dcp"/>
  <File Type="POSTROUTE-PHYSOPT-TIMING" Name="VLC_timing_summary_postroute_physopted.rpt"/>
  <File Type="POSTROUTE-PHYSOPT-TIMING-PB" Name="VLC_timing_summary_postroute_physopted.pb"/>
  <File Type="POSTROUTE-PHYSOPT-TIMING-RPX" Name="VLC_timing_summary_postroute_physopted.rpx"/>
  <File Type="POSTROUTE-PHYSOPT-BUS-SKEW" Name="VLC_bus_skew_postroute_physopted.rpt"/>
  <File Type="POSTROUTE-PHYSOPT-BUS-SKEW-PB" Name="VLC_bus_skew_postroute_physopted.pb"/>
  <File Type="BG-BIT" Name="VLC.bit"/>
  <File Type="POSTROUTE-PHYSOPT-BUS-SKEW-RPX" Name="VLC_bus_skew_postroute_physopted.rpx"/>
  <File Type="BITSTR-RBT" Name="VLC.rbt"/>
  <File Type="BITSTR-NKY" Name="VLC.nky"/>
  <File Type="PDI-FILE" Name="VLC.pdi"/>
  <File Type="RCFI_FILE" Name="VLC.rcfi"/>
  <File Type="CFI_FILE" Name="VLC.cfi"/>
  <File Type="RNPI_FILE" Name="VLC.rnpi"/>
  <File Type="NPI_FILE" Name="VLC.npi"/>
  <File Type="RBD_FILE" Name="VLC.rbd"/>
  <File Type="BITSTR-LTX" Name="debug_nets.ltx"/>
  <File Type="BITSTR-LTX" Name="VLC.ltx"/>
  <File Type="BITSTR-SYSDEF" Name="VLC.sysdef"/>
  <File Type="BG-BGN" Name="VLC.bgn"/>
  <File Type="BG-DRC" Name="VLC.drc"/>
  <File Type="RDI-RDI" Name="VLC.vdi"/>
  <File Type="WBT-USG" Name="usage_statistics_webtalk.html"/>
  <FileSet Name="sources" Type="DesignSrcs" RelSrcDir="$PSRCDIR/sources_1" RelGenDir="$PGENDIR/sources_1">
    <Filter Type="Srcs"/>
    <File Path="$PSRCDIR/sources_1/new/Adder.v">
      <FileInfo>
        <Attr Name="UsedIn" Val="synthesis"/>
        <Attr Name="UsedIn" Val="implementation"/>
        <Attr Name="UsedIn" Val="simulation"/>
      </FileInfo>
    </File>
    <File Path="$PSRCDIR/sources_1/new/Arithmetic.v">
      <FileInfo>
        <Attr Name="UsedIn" Val="synthesis"/>
        <Attr Name="UsedIn" Val="implementation"/>
        <Attr Name="UsedIn" Val="simulation"/>
      </FileInfo>
    </File>
    <File Path="$PSRCDIR/sources_1/new/Logic.v">
      <FileInfo>
        <Attr Name="UsedIn" Val="synthesis"/>
        <Attr Name="UsedIn" Val="implementation"/>
        <Attr Name="UsedIn" Val="simulation"/>
      </FileInfo>
    </File>
    <File Path="$PSRCDIR/sources_1/new/VLC.v">
      <FileInfo>
        <Attr Name="UsedIn" Val="synthesis"/>
        <Attr Name="UsedIn" Val="implementation"/>
        <Attr Name="UsedIn" Val="simulation"/>
      </FileInfo>
    </File>
    <Config>
      <Option Name="DesignMode" Val="RTL"/>
      <Option Name="TopModule" Val="VLC"/>
      <Option Name="TopAutoSet" Val="TRUE"/>
    </Config>
  </FileSet>
  <FileSet Name="constrs_in" Type="Constrs" RelSrcDir="$PSRCDIR/constrs_1">
    <Filter Type="Constrs"/>
    <File Path="$PSRCDIR/constrs_1/new/Timing_Delay.xdc">
      <FileInfo>
        <Attr Name="UsedIn" Val="synthesis"/>
        <Attr Name="UsedIn" Val="implementation"/>
      </FileInfo>
    </File>
    <Config>
      <Option Name="ConstrsType" Val="XDC"/>
    </Config>
  </FileSet>
  <FileSet Name="utils" Type="Utils" RelSrcDir="$PSRCDIR/utils_1">
    <Filter Type="Utils"/>
    <Config>
      <Option Name="TopAutoSet" Val="TRUE"/>
    </Config>
  </FileSet>
  <Strategy Version="1" Minor="2">
    <StratHandle Name="Vivado Implementation Defaults" Flow="Vivado Implementation 2020">
      <Desc>Default settings for Implementation.</Desc>
    </StratHandle>
    <Step Id="init_design"/>
    <Step Id="opt_design"/>
    <Step Id="power_opt_design"/>
    <Step Id="place_design"/>
    <Step Id="post_place_power_opt_design"/>
    <Step Id="phys_opt_design"/>
    <Step Id="route_design"/>
    <Step Id="post_route_phys_opt_design"/>
    <Step Id="write_bitstream"/>
  </Strategy>
</GenRun>
