<?xml version="1.0" encoding="UTF-8"?>
<GenRun Id="impl_1" LaunchPart="xc7a35tcpg236-1" LaunchTime="1619179806">
  <File Type="BITSTR-BMM" Name="FullAdder_bd.bmm"/>
  <File Type="OPT-METHODOLOGY-DRC" Name="FullAdder_methodology_drc_opted.rpt"/>
  <File Type="INIT-TIMING" Name="FullAdder_timing_summary_init.rpt"/>
  <File Type="ROUTE-PWR" Name="FullAdder_power_routed.rpt"/>
  <File Type="PA-TCL" Name="FullAdder.tcl"/>
  <File Type="OPT-TIMING" Name="FullAdder_timing_summary_opted.rpt"/>
  <File Type="OPT-DCP" Name="FullAdder_opt.dcp"/>
  <File Type="ROUTE-PWR-SUM" Name="FullAdder_power_summary_routed.pb"/>
  <File Type="REPORTS-TCL" Name="FullAdder_reports.tcl"/>
  <File Type="OPT-DRC" Name="FullAdder_drc_opted.rpt"/>
  <File Type="OPT-HWDEF" Name="FullAdder.hwdef"/>
  <File Type="PWROPT-DCP" Name="FullAdder_pwropt.dcp"/>
  <File Type="PWROPT-DRC" Name="FullAdder_drc_pwropted.rpt"/>
  <File Type="PWROPT-TIMING" Name="FullAdder_timing_summary_pwropted.rpt"/>
  <File Type="PLACE-DCP" Name="FullAdder_placed.dcp"/>
  <File Type="PLACE-IO" Name="FullAdder_io_placed.rpt"/>
  <File Type="PLACE-CLK" Name="FullAdder_clock_utilization_placed.rpt"/>
  <File Type="PLACE-UTIL" Name="FullAdder_utilization_placed.rpt"/>
  <File Type="PLACE-UTIL-PB" Name="FullAdder_utilization_placed.pb"/>
  <File Type="PLACE-CTRL" Name="FullAdder_control_sets_placed.rpt"/>
  <File Type="PLACE-SIMILARITY" Name="FullAdder_incremental_reuse_placed.rpt"/>
  <File Type="PLACE-PRE-SIMILARITY" Name="FullAdder_incremental_reuse_pre_placed.rpt"/>
  <File Type="PLACE-TIMING" Name="FullAdder_timing_summary_placed.rpt"/>
  <File Type="POSTPLACE-PWROPT-DCP" Name="FullAdder_postplace_pwropt.dcp"/>
  <File Type="BG-BIN" Name="FullAdder.bin"/>
  <File Type="POSTPLACE-PWROPT-TIMING" Name="FullAdder_timing_summary_postplace_pwropted.rpt"/>
  <File Type="PHYSOPT-DCP" Name="FullAdder_physopt.dcp"/>
  <File Type="PHYSOPT-DRC" Name="FullAdder_drc_physopted.rpt"/>
  <File Type="BITSTR-MSK" Name="FullAdder.msk"/>
  <File Type="PHYSOPT-TIMING" Name="FullAdder_timing_summary_physopted.rpt"/>
  <File Type="ROUTE-ERROR-DCP" Name="FullAdder_routed_error.dcp"/>
  <File Type="ROUTE-DCP" Name="FullAdder_routed.dcp"/>
  <File Type="ROUTE-BLACKBOX-DCP" Name="FullAdder_routed_bb.dcp"/>
  <File Type="ROUTE-DRC" Name="FullAdder_drc_routed.rpt"/>
  <File Type="ROUTE-DRC-PB" Name="FullAdder_drc_routed.pb"/>
  <File Type="ROUTE-DRC-RPX" Name="FullAdder_drc_routed.rpx"/>
  <File Type="BITSTR-MMI" Name="FullAdder.mmi"/>
  <File Type="ROUTE-METHODOLOGY-DRC" Name="FullAdder_methodology_drc_routed.rpt"/>
  <File Type="ROUTE-METHODOLOGY-DRC-RPX" Name="FullAdder_methodology_drc_routed.rpx"/>
  <File Type="ROUTE-METHODOLOGY-DRC-PB" Name="FullAdder_methodology_drc_routed.pb"/>
  <File Type="ROUTE-PWR-RPX" Name="FullAdder_power_routed.rpx"/>
  <File Type="ROUTE-STATUS" Name="FullAdder_route_status.rpt"/>
  <File Type="ROUTE-STATUS-PB" Name="FullAdder_route_status.pb"/>
  <File Type="ROUTE-TIMINGSUMMARY" Name="FullAdder_timing_summary_routed.rpt"/>
  <File Type="ROUTE-TIMING-PB" Name="FullAdder_timing_summary_routed.pb"/>
  <File Type="ROUTE-TIMING-RPX" Name="FullAdder_timing_summary_routed.rpx"/>
  <File Type="ROUTE-SIMILARITY" Name="FullAdder_incremental_reuse_routed.rpt"/>
  <File Type="ROUTE-CLK" Name="FullAdder_clock_utilization_routed.rpt"/>
  <File Type="ROUTE-BUS-SKEW" Name="FullAdder_bus_skew_routed.rpt"/>
  <File Type="ROUTE-BUS-SKEW-PB" Name="FullAdder_bus_skew_routed.pb"/>
  <File Type="ROUTE-BUS-SKEW-RPX" Name="FullAdder_bus_skew_routed.rpx"/>
  <File Type="POSTROUTE-PHYSOPT-DCP" Name="FullAdder_postroute_physopt.dcp"/>
  <File Type="POSTROUTE-PHYSOPT-BLACKBOX-DCP" Name="FullAdder_postroute_physopt_bb.dcp"/>
  <File Type="POSTROUTE-PHYSOPT-TIMING" Name="FullAdder_timing_summary_postroute_physopted.rpt"/>
  <File Type="POSTROUTE-PHYSOPT-TIMING-PB" Name="FullAdder_timing_summary_postroute_physopted.pb"/>
  <File Type="POSTROUTE-PHYSOPT-TIMING-RPX" Name="FullAdder_timing_summary_postroute_physopted.rpx"/>
  <File Type="POSTROUTE-PHYSOPT-BUS-SKEW" Name="FullAdder_bus_skew_postroute_physopted.rpt"/>
  <File Type="POSTROUTE-PHYSOPT-BUS-SKEW-PB" Name="FullAdder_bus_skew_postroute_physopted.pb"/>
  <File Type="BG-BIT" Name="FullAdder.bit"/>
  <File Type="POSTROUTE-PHYSOPT-BUS-SKEW-RPX" Name="FullAdder_bus_skew_postroute_physopted.rpx"/>
  <File Type="BITSTR-RBT" Name="FullAdder.rbt"/>
  <File Type="BITSTR-NKY" Name="FullAdder.nky"/>
  <File Type="PDI-FILE" Name="FullAdder.pdi"/>
  <File Type="RCFI_FILE" Name="FullAdder.rcfi"/>
  <File Type="CFI_FILE" Name="FullAdder.cfi"/>
  <File Type="RNPI_FILE" Name="FullAdder.rnpi"/>
  <File Type="NPI_FILE" Name="FullAdder.npi"/>
  <File Type="RBD_FILE" Name="FullAdder.rbd"/>
  <File Type="BITSTR-LTX" Name="debug_nets.ltx"/>
  <File Type="BITSTR-LTX" Name="FullAdder.ltx"/>
  <File Type="BITSTR-SYSDEF" Name="FullAdder.sysdef"/>
  <File Type="BG-BGN" Name="FullAdder.bgn"/>
  <File Type="BG-DRC" Name="FullAdder.drc"/>
  <File Type="RDI-RDI" Name="FullAdder.vdi"/>
  <File Type="WBT-USG" Name="usage_statistics_webtalk.html"/>
  <FileSet Name="sources" Type="DesignSrcs" RelSrcDir="$PSRCDIR/sources_1" RelGenDir="$PGENDIR/sources_1">
    <Filter Type="Srcs"/>
    <File Path="$PSRCDIR/sources_1/new/Adder.v">
      <FileInfo>
        <Attr Name="UsedIn" Val="synthesis"/>
        <Attr Name="UsedIn" Val="implementation"/>
        <Attr Name="UsedIn" Val="simulation"/>
      </FileInfo>
    </File>
    <File Path="$PSRCDIR/sources_1/new/Decoder.v">
      <FileInfo>
        <Attr Name="AutoDisabled" Val="1"/>
        <Attr Name="UsedIn" Val="synthesis"/>
        <Attr Name="UsedIn" Val="implementation"/>
        <Attr Name="UsedIn" Val="simulation"/>
      </FileInfo>
    </File>
    <Config>
      <Option Name="DesignMode" Val="RTL"/>
      <Option Name="TopModule" Val="FullAdder"/>
      <Option Name="TopAutoSet" Val="TRUE"/>
    </Config>
  </FileSet>
  <FileSet Name="constrs_in" Type="Constrs" RelSrcDir="$PSRCDIR/constrs_1">
    <Filter Type="Constrs"/>
    <File Path="$PSRCDIR/constrs_1/new/DisplayAdder.xdc">
      <FileInfo>
        <Attr Name="UsedIn" Val="synthesis"/>
        <Attr Name="UsedIn" Val="implementation"/>
      </FileInfo>
    </File>
    <Config>
      <Option Name="ConstrsType" Val="XDC"/>
    </Config>
  </FileSet>
  <FileSet Name="utils" Type="Utils" RelSrcDir="$PSRCDIR/utils_1">
    <Filter Type="Utils"/>
    <Config>
      <Option Name="TopAutoSet" Val="TRUE"/>
    </Config>
  </FileSet>
  <Strategy Version="1" Minor="2">
    <StratHandle Name="Vivado Implementation Defaults" Flow="Vivado Implementation 2020"/>
    <Step Id="init_design"/>
    <Step Id="opt_design"/>
    <Step Id="power_opt_design"/>
    <Step Id="place_design"/>
    <Step Id="post_place_power_opt_design"/>
    <Step Id="phys_opt_design"/>
    <Step Id="route_design"/>
    <Step Id="post_route_phys_opt_design"/>
    <Step Id="write_bitstream"/>
  </Strategy>
</GenRun>
